{"input_splats":2796503,"sh_degree":3,"max_depth":5,"leaf_limit":10000,"color_space":"srgb_rec709_display","sampling_rate_per_level":0.6,"tiling_mode":"explicit","subtree_levels":null,"content_codec":"spz_stream","spz_version":3,"spz_sh1_bits":8,"spz_sh_rest_bits":8,"source_up_axis":"z","sample_mode":"sample","configured_min_geometric_error":0.11,"node_count":1102,"available_levels":6,"effective_max_depth":5,"root_geometric_error_source":"configured_min_geometric_error","implicit_root_geometric_error":null,"root_geometric_error":1.4146090534979427,"min_geometric_error":0.11,"geometric_error_scale_by_depth":{"0":1,"1":0.6,"2":0.35999999999999993,"3":0.21599999999999997,"4":0.12959999999999997,"5":0.07775999999999998},"geometric_error_by_depth":{"0":1.4146090534979427,"1":0.8487654320987656,"2":0.5092592592592593,"3":0.3055555555555556,"4":0.18333333333333332,"5":0.11},"sampling_rates_by_depth":{"0":0.07775999999999998,"1":0.1296,"2":0.21599999999999997,"3":0.36,"4":0.6,"5":1},"sampling_divisors_by_depth":{"0":12.860082304526752,"1":7.716049382716051,"2":4.62962962962963,"3":2.777777777777778,"4":1.6666666666666667,"5":1},"source":"3DGS-PLY-3DTiles-Converter"}