{"input_splats":2796503,"sh_degree":3,"max_depth":4,"leaf_limit":10000,"color_space":"srgb_rec709_display","sampling_rate_per_level":0.5,"tiling_mode":"explicit","subtree_levels":null,"content_codec":"spz_stream","spz_version":3,"spz_sh1_bits":8,"spz_sh_rest_bits":8,"root_transform":[-0.8528799126433391,-0.5221071294375229,0,0,0.2707025094608919,-0.44220183867258533,0.8550892849557644,0,-0.4464482119810382,0.7292884746553276,0.5184807756839587,0,-2850086.9019967434,4655714.758424465,3287778.710477633,1],"root_coordinate":[31.2304,121.4737,30],"root_transform_source":"coordinate","sample_mode":"merge","configured_min_geometric_error":null,"node_count":431,"available_levels":5,"effective_max_depth":4,"root_geometric_error_source":"estimated_root_voxel_groups","implicit_root_geometric_error":null,"root_geometric_error":1.67105872631073,"min_geometric_error":0.10444117039442062,"geometric_error_scale_by_depth":{"0":1,"1":0.5,"2":0.25,"3":0.125,"4":0.0625},"geometric_error_by_depth":{"0":1.67105872631073,"1":0.835529363155365,"2":0.4177646815776825,"3":0.20888234078884124,"4":0.10444117039442062},"sampling_rates_by_depth":{"0":0.0625,"1":0.125,"2":0.25,"3":0.5,"4":1},"sampling_divisors_by_depth":{"0":16,"1":8,"2":4,"3":2,"4":1},"source":"3DGS-PLY-3DTiles-Converter"}